SIFART;IMEART;OEM;KATBRO;eankod;KATBRO_STARO;OEM_STARO;BROJ
29415;KRAJNIK VW 14184 L GOLF 4,OCTAVIA L=75MM;1J0422811A;14184;109619;1J0422811A;14184;
29416;KRAJNIK VW 14186 D GOLF 4,OCTAVIA L=75MM;1J0422812;14186;109621;1J0422812;14186;
29417;KUGLA VW 14440 L GOLF 4,OCTAVIA KPL.+VIJCI;1J0407365C;14440;35306;1J0407365C;14440;
29418;KUGLA VW 14444 D GOLF 4,OCTAVIA KPL.+VIJCI;1J0407366C;14444;35307;1J0407366C;14444;
29419;ŠTANGICA STAB.OPEL 14558 PR.ASTRA G 1.2 16V,H 1.4;350611;14558;39972;350611;14558;
29420;ŠTANGICA STAB.VW 18264 PR.GOLF 4,A-3,OCTAVIA;1J0411315C;18264;55561;1J0411315C;18264;
29421;KRAJNIK RENAULT 19604 D CLIO 98->,SCENIC 99->;7701474493;19604;46343;7701474493;19604;
29422;KRAJNIK RENAULT 19605 L CLIO 98->,SCENIC 99->;7701474492;19605;46344;7701474492;19605;
29423;SAJLA RU.VW 21408/AK A-4 95-> L+D 1821/1640MM;8D0609721H;21408;47049;8D0609721H;21408;
29424;SAJLA RU.VW 22865/AK GOLF 3 1.9D 91-95 L+D 1500MM;1H0609721;22865;21613;1H0609721;22865;
29425;SAJLA RU.VW 22866 GOLF 3 + DISK L+D 1615MM;1H0609721A;22866;51914;1H0609721A;22866;
29426;ŠELNA GUMICE STAB.VW 23366 PR.GOLF 4,OCTAVIA;1J0411336D;23366;59408;1J0411336D;23366;
29427;SENZOR ABS VW 23822 P/D GOLF V 1.9TDI,ALTEA;7H0927804;23822;62705;7H0927804;23822;
29428;SENZOR ABS VW 23824 P/L GOLF V 1.9TDI,ALTEA;7H0927803;23824;62706;7H0927803;23824;
29429;ŠTANGICA STAB.VW 24122 PR.GOLF 5,A-3,OCTAVIA 04->;1K0411315D;24122;54495;1K0411315D;24122;
29430;KUGLA VW 26082 L GOLF 5 03->;1K0407365C;26082;53653;1K0407365C;26082;
29431;KUGLA VW 26083 D GOLF 5 03->;1K0407366C;26083;53654;1K0407366C;26083;
29432;SAJLA RU.VW 26322/AK GOLF 3 + DOBOŠ ZA.;1H0609721D;26322;51912;1H0609721D;26322;
29433;SAJLA RU.VW 26323/AK GOLF 3,VENTO DISKOVI 1616MM;1H0609721E;26323;47278;1H0609721E;26323;
29434;SAJLA RU.VW 26326/AK PASSAT 97-05 D.;3B0609722F;26326;47096;3B0609722F;26326;
29435;SAJLA RU.VW 26327/AK PASSAT 97-05 L.;3B0609721F;26327;47097;3B0609721F;26327;
29436;SPONA VW 27095 PR.GOLF 4,BORA 1.9TDI 99->;1J0422810B;27095;108203;1J0422810B;27095;
29437;PREKIDAČ VW 50764 BRIS.A-3,GOLF IV,FABIA  4B0953503H;4B0953503H;50764;121455;4B0953503H;50764;
29438;PREKIDAČ VW 50777 ŽMIG.PASSAT 97-05/GOLF IV/OCTAVIA/LEON/A3;8L0953513G;50777;121456;8L0953513G;50777;
29439;PREKIDAČ VW 50778 ŽMIG.PASSAT 97-05/GOLF IV/OCTAVIA/LEON/A3;8L0953513J;50778;121458;8L0953513J;50778;
29440;SENZOR ABS VW 50946 ZAD.GOLF IV,OCTAVIA 96->;1J0927807B;50946;121433;1J0927807B;50946;
29441;PREKIDAČ OPEL 51425 ŽMIG.VECTRA A,B,CORSA B,OMEGA B;1241212;51425;128697;1241212;51425;
29442;SENZOR ABS VW 51487 P/L GOLF V 1.9TDI,ALTEA;7H0927803;51487;113367;7H0927803;51487;
29443;SENZOR ABS VW 51488 P/D GOLF V 1.9TDI,ALTEA;7H0927804;51488;113366;7H0927804;51488;
29444;"PREKIDAČ 4 ŽMIG ŠKODA OCTAVIA 00-04 TROKUTASTI 52061 ;TOUR";1U0953235B;52061;109801;1U0953235B;52061;
29445;ŽARULJA XENON D1S 35W 66144/66140 12V PK32D;D1S;66140;62489;D1S;66140;
29446;ŽARULJA XENON D2S 35W 66240 12V P32D-2;D2S;66240;62488;-;66240;
29447;ŽARULJA XENON D2R 35W 66250 12V P32D-3;D2R;66250;62490;-;66250;
29448;BKM RENAULT 1.5DCI CLIO,MEGANE 00-> (K4J,K4M,K9K) BENZINCI 1.4/1.6 16V 071.330;7700103687;71330;79645;7700103687;71330;
29449;ZAMAŠNJAK VW 826317 4/1 GOLF 1.9 TDI 96 -> JEDNOMASENI ZAM.;038105264J;826317;62596;038105264J;826317;
29450;ZAMAŠNJAK VW 835035 4/1 OCTAVIA,GOLF 5,T-5 1.9TDI 03 -> JEDNOMASENI ZAM.;03G141016A;835035;68897;03G141016A;835035;
29451;BPV OPEL 2.0/2.2DI,DTI ASTRA G,VECTRA B (Y20DT) 864.310;90571911;864310;78866;90571911;864310;
29452;OSC.RAME VW 1367301 PR.DO.A-4,PASSAT 97->;4D0407151J;1367301;34292;4D0407151J;1367301;
29453;OSC.RAME VW 1367602 PR.DO./ZA.L A-4,PASSAT;4D0407693N;1367602;55803;4D0407693N;1367602;
29454;OSC.RAME VW 1367702 PR.DO./ZA.D A-4,PASSAT;4D0407694N;1367702;55804;4D0407694N;1367702;
29455;OSC.RAME VW 1371902 PR.GO./PR.L A-4,6,PASSAT;8D0407505H;1371902;48704;8D0407505H;1371902;
29456;OSC.RAME VW 1372002 PR.GO./PR.D A-4,6,PASSAT;8D0407506H;1372002;41185;8D0407506H;1372002;
29457;OSC.RAME VW 2102901 PR.GO./ZA.D A-4,A-6->05;4D0407510D;2102901;47779;4D0407510D;2102901;
29458;OSC.RAME VW 2103001 PR.GO./ZA.L A-4,A-6->05;8E0407509A;2103001;53112;8E0407509A;2103001;
29459;ŠTANGICA STAB.VW 2155402 PR./L PASSAT,A-4;4D0411317D;2155402;41182;4D0411317D;2155402;
29460;ŠTANGICA STAB.VW 2155502 PR./D PASSAT,A-4;4D0411318G;2155502;113685;4D0411318G;2155502;
29461;ŠTANGICA STAB.VW 2169903/02 PR.GOLF 4 1.9TDI,A-3,BORA->05;1J0411315G;2169903;54208;1J0411315G;2169903;
29462;KRAJNIK VW 2225103 D GOLF 4,OCTAVIA L=94MM/ZF;1J0422812B;2225103;116623;1J0422812B;2225103;
29463;KRAJNIK VW 2225203 L GOLF 4,OCTAVIA L=94MM/ZF;1J0422811B;2225203;116621;1J0422811B;2225203;
29464;OSC.RAME VW 2742101 PR.A-4,PASSAT KPL.->11/00 OSC.RA.FI20MM;8D0498998S1;2742101;56119;8D0498998S1;2742101;
29465;GUMICA STAB.VW 3405201 PR.GOLF 4,BORA,TOLEDO,LEON 22MM;1J0411314T;3405201;91813;1J0411314T;3405201;
29466;GUMICA STAB.VW 3405301 PR.GOLF 4,PASSAT 97->,A-4 21MM;1J0411314C;3405301;138298;1J0411314C;3405301;
29467;MJERAČ MASE ZRAKA MB 0280217114 W202 C200CDI 98->;940948;280217114;53294;940948;280217114;
29468;MJERAČ MASE ZRAKA OPEL 0280217123 CORSA B,ASTRA G;838628;280217123;38267;838628;280217123;
29469;MJERAČ MASE ZRAKA OPEL 0281002180 ASTRA G,VECTRA B;93171356;281002180;50001;93171356;281002180;
29470;MJERAČ MASE ZRAKA VW 0281002757 ŠKODA,GOLF,A3 1.9TDI;06A906461;281002757;49999;06A906461;281002757;
29471;FIL NAFTE VW 0450906267 LT 28-35 2.5D, GOLF->99 1.9TDI;1H0127401G;450906267;50032;1H0127401G;450906267;
29472;FIL NAFTE VW 0450906374/288 A-3 1.9TDI 00 ->;1J0127401;450906374;44770;1J0127401;450906374;
29473;FIL ULJA RENAULT 0451103336;7700873583;451103336;40945;7700873583;451103336;
29474;FIL ULJA AUDI 0451103346 A-4 1.9TDI ->01, PASSAT 1.9TDI ->00;28115561;451103346;50036;28115561;451103346;
29475;FIL ULJA VW 0451103347 GOLF 1.9TDI ->97;68115561;451103347;44758;68115561;451103347;
29476;FIL ULJA VW 0451203012 GOLF D;068115568B;451203012;40949;068115568B;451203012;
29477;SET ZUP R.VW 530000310 GOLF 3 1.9D,TD KIT 137Z;28198119;530000310;38322;28198119;530000310;
29482;SET ZUP R.VW 530009030 GOLF IV 1.9TDI 00> 130KS KIT 120Z +PUMPA;530009030;530009030;132289;-;530009030;
29483;SET ZUP R.PEUGEOT 530011130 P-206 2.0HDI 99 -> PARTNER 2.0HDI 00 -> KIT 141Z +PUMPA;1609524780;530011130;132335;1609524780;530011130;
29484;SET ZUP R.FORD 530014110>530014210 FOCUS 1.8DI 99-> KIT 091Z;1124040;530014110;71173;1124040;530014110;
29485;SET ZUP R.FORD 530014210 FOCUS 1.8DI 99->04 KIT 091Z;1201255;530014210;83580;1201255;530014210;
29486;SET ZUP R.VW 530016410 GOLF,T-4 1.9D,TD,SDI ->03 KIT 137Z;028198119A;530016410;113377;028198119A;530016410;
29487;SET ZUP R.RENAULT 530018510 MEGANE 1.9D 96-> KIT 151Z;530018510;530018510;56835;-;530018510;
29488;SET ZUP R.VW 530040530 GOLF V 2.0TDI 03-> KIT 141Z +PUMPA;530040530;530040530;130427;-;530040530;
29489;SET ZUP R.VW 530046330 GOLF V 2.0TDI 03-08 KIT 141Z +PUMPA;530046330;530046330;122799;-;530046330;
29490;SET ZUP R.OPEL 530049110 ASTRA 1.7CDTI 04 -> 61MM KIT 129Z;1606360;530049110;83546;1606360;530049110;
29492;NATEZAČ ZUP R.FIAT 531025530>531084410 BRAVO 1.9JTD->01;7778565;531025530;35202;7778565;531025530;
29493;NATEZAČ ZUP R.CITROEN 531076910 C-5 2.0HDI 01 ->;0829C3;531076910;63852;0829C3;531076910;
29494;NATEZAČ ZUP R.CITROEN 531078010 BERLINGO,XSARA,C-5 2.0HDI 99->;82959;531078010;101509;82959;531078010;
29495;NATEZAČ ZUP R.FIAT 531084410 PUNTO EVO 1.6D 08->;55215666;531084410;111183;55215666;531084410;
29496;KLIZAČ ZUP R.VW 532019710 A-4 1.9TD 00->;045109244A;532019710;38681;045109244A;532019710;
29497;KLIZAČ ZUP R.RENAULT 532023810 KANGOO 1.9D 98->;8200051092;532023810;42936;8200051092;532023810;
29498;KLIZAČ ZUP R.RENAULT 532032210 KANGOO 1.9TDI 00->;7700116054;532032210;45775;7700116054;532032210;
29499;KLIZAČ ZUP R.CITROEN 532034510 SAXO 1.5D 96->;83046;532034510;49813;83046;532034510;
29500;REP SET KV.VW 600000600 GOLF 1.9TDI 97-04 KPL.;38105264;600000600;72535;38105264;600000600;
29501;REP SET KV.VW 6000001600 GOLF 1.9TDI 03 -> KPL.;03G141016A;600001600;72533;03G141016A;600001600;
29502;REP SET KV.VW 600001700 CADDY 2.0TDI 07 -> KPL.;03G105266AF;600001700;74981;03G105266AF;600001700;
29503;SET CITROEN 620326800/620312100/620307300 C-3 1.4HDI 02 -> D200/18;2050N5;620326800;49026;2050N5;620326800;
29504;SET VW 623115700 A-4 1.9TDI,PASSAT ->00 D228/23 81KW;028198141CX;623115700;38526;028198141CX;623115700;
29505;SET CITROEN 623304300/623313900 C-3 1.4HDI 02 ->,BOXER 2.0HDI 02 -> D228/18 66KW;2050G1;623304300;44503;2050G1;623304300;
29506;SET VW 624303409 GOLF 4,OCTAVIA,SHARAN 1.9TDI 02 -> D240/23 LUK VERZIJA;038105266AG;624303409;49749;038105266AG;624303409;
29507;SET CITROEN 624321800 BERLINGO 1.6HDI 05 -> D240/18;205279;624321800;56590;205279;624321800;
29508;GLAVČINA VW 713610220 ZAD.A-3 1.6 96-> KIT;1J0598477;713610220;47125;1J0598477;713610220;
29509;GLAVČINA VW 713610620 ZAD.A-3 1.9TDI 03 -> KIT;1T0598611;713610620;48604;1T0598611;713610620;
29510;LEŽAJ KO.VW 713800010 ZAD./L+D GOLF 2,3->99;191598625;713800010;53968;191598625;713800010;
29511;LEŽAJ KO.VW 713800610 PR./L+D GOLF 4,OCTAVIA,A-3 99 ->;1J0498625;713800610;86108;1J0498625;713800610;
29512;LEŽAJ KO.VW 713800810 PR./L+D GOLF 2,3 ->99;191498625A;713800810;53961;191498625A;713800810;
29513;LEŽAJ KO.VW 713801210 ZAD./L+D CADDY, A-4 1.9TDI->00;4A0598625A;713801210;53970;4A0598625A;713801210;
29514;LEŽAJ KO.VW 713802610 ZAD./L+D CADDY,A-4 1.9TDI 95->;8D0598625;713802610;86105;8D0598625;713802610;
29515;FIL ULJA VW 1457429192 GOLF 4 2.3 ULOŽAK;071115562B;1457429192;41429;071115562B;1457429192;
29516;FIL ULJA VW 1457429619 PASSAT,GOLF 4 1.9TDI;74115562;1457429619;18527;74115562;1457429619;
29517;FIL NAFTE OPEL 1457429656 ASTRA G,VECTRA B;818531;1457429656;42903;818531;1457429656;
29518;FIL ZRAKA VW 1457429870 PASSAT->00 A-4 ->01;834286;1457429870;49950;834286;1457429870;
29519;FIL ZRAKA VW 1457433023 GOLF 3 1.9D;1H0129620;1457433023;40507;1H0129620;1457433023;
29520;FIL ZRAKA RENAULT 1457433163 CLIO 1.5 DCI,ALMERA;8200023480;1457433163;46302;8200023480;1457433163;
29521;FIL ZRAKA OPEL 1457433281 ASTRA G;835622;1457433281;40926;835622;1457433281;
29522;FIL ZRAKA VW 1457433714 GOLF 4;1J0129620;1457433714;43677;1J0129620;1457433714;
29523;FIL NAFTE VW 1457434184 A-4 1.9TDI;074127435A;1457434184;42905;074127435A;1457434184;
29524;FIL ULJA OPEL 1457429157/1457437002 ASTRA 2.0 98->;90570368;1457437002;40954;90570368;1457437002;
29525;ŽARULJE GAR.H4 60/65W 1987301101 12V;1987301101;1987301101;44444;-;1987301101;
29526;ŽARULJE GAR.H7 55W 1987301103 12V;1987301103;1987301103;44443;-;1987301103;
29527;ŽARULJA H1 1987302920/011 12V 55W P14,5S;1987302920;1987302920;44430;-;1987302920;
29528;ŽARULJA H3 55W 1987302922/031 12V PK22S;1987302922;1987302922;44428;-;1987302922;
29529;ŽARULJA H4 60/55W 1987302923/041 12V P43T;1987302923;1987302923;44434;-;1987302923;
29530;ŽARULJA H7 55W 1987302924/071 12V PX26D;1987302924;1987302924;44435;-;1987302924;
29531;ŽARULJA 21W 1987302925/201 12V BA15S;1987302925;1987302925;44432;-;1987302925;
29532;ŽARULJA 21/5W 1987302926/202 12V BAY15D;1987302926;1987302926;44436;-;1987302926;
29533;ŽARULJA 10W 1987302927/203 12V BA15S;1987302927;1987302927;44438;-;1987302927;
29534;ŽARULJA 5W 1987302928/204 12V BA15S;1987302928;1987302928;44437;-;1987302928;
29535;ŽARULJA 4W 1987302930/207 12V T4 BA9S;1987302930;1987302930;44440;-;1987302930;
29536;ŽARULJA 6W 1987302935/232 BAX9S 12V;1987302935;1987302935;44445;-;1987302935;
29537;ŽARULJA 21/4W 1987302936/215  12V BAZ15D;1987302936;1987302936;44446;-;1987302936;
29538;FIL ZRAKA VW 1987429404 GOLF 2.0 TDI 03 ->;1K0129620D;1987429404;44807;1K0129620D;1987429404;
29539;FIL KABINE VW 1987432012/431012 GOLF 3,A-3 96->;1H0819644A;1987432012;40890;1H0819644A;1987432012;
29540;FIL KABINE VW 1987432017/431017 PASSAT 96->;8A0819439;1987432017;40889;8A0819439;1987432017;
29541;FIL KABINE OPEL 1987432038/431038 ASTRA G,BEHR;1808612;1987432038;43680;1808612;1987432038;
29542;FIL KABINE RENAULT 1987432039/431039 CLIO 98->,KANGOO 97->,MEGANE 99->;7700424098;1987432039;44048;7700424098;1987432039;
29543;FIL KABINE OPEL 1987432040/431040 ASTRA G DELPHI;6808606;1987432040;40894;6808606;1987432040;
29544;FIL KABINE VW 1987432097/431097 GOLF 5 1.9TDI 04 ->;1K0819644;1987432097;49376;1K0819644;1987432097;
29545;FIL KABINE VW CA. 1987432300/431300 GOLF 4;1J0819644;1987432300;35770;1J0819644;1987432300;
29546;SET VW 3000082003 GOLF 1.6TD ->91 D210/24;027198141AX;3000082003;7894;027198141AX;3000082003;
29547;DISK PLOČA VW 100.1216 PR.A-6 1.8,1.9 98 -> D288/25;4A0615301C;100.1216.20;17350;4A0615301C;100.1216.20;
29548;DISK PLOČA VW 100.1217 ZAD.A-6,PASSAT 2.5TDI ->00 D245/10;4A0615601A;100.1217.20;16899;4A0615601A;100.1217.20;
29549;DISK PLOČA VW 100.1228 PR.A-4 1.6,1.9TD 94-00 D280/13;8D0615301A;100.1228.00;16023;8D0615301A;100.1228.00;
29550;DISK PLOČA VW 100.1229 ZAD.A-4 1.9TD ->00 D245/10;8D0615601B;100.1229.00;17510;8D0615601B;100.1229.00;
29551;DISK PLOČA VW 100.1234 PR.A-3 1.8,1.9TDI 96 -> D280/22;1J0615301E;100.1234.20;16447;1J0615301E;100.1234.20;
29552;DISK PLOČA VW 100.1236 ZAD.A-3 1.4TDI 96 -> D232/9;1J0615601;100.1236.20;18058;1J0615601;100.1236.20;
29553;SAJLA RU.VW 109815595 GOLF 4 1.9TDI 08/97-> L+D 1690/1060MM;1J0609721AC;109 815 595;70811;1J0609721AC;109 815 595;
29554;DISK PLOČA OPEL 430.1485 ZAD.ASTRA G 1.8,2.0 98 -> D264/10;569109;430.1485.20;38162;569109;430.1485.20;
29555;DISK PLOČA RENAULT 470.1079 PR.CLIO,R-5,LOGAN 1.4 04 -> D238/12;7700704705;470.1079.00;11517;7700704705;470.1079.00;
29556;DISK PLOČA RENAULT 470.2403 PR.CLIO 1.9DTI 00 -> D238/20;7701204286;470.2403.00;18839;7701204286;470.2403.00;
29557;DISK PLOČA RENAULT 470.2409 PR.MEGANE,CLIO,KANGOO 1.9DTI 00 -> D259/20;7700813549;470.2409.00;18523;7700813549;470.2409.00;
29558;MJERAČ MASE ZRAKA PEUGEOT 5WK9621Z P406 P307 2.0HDI 99-;19207S;5WK9621Z;75655;19207S;5WK9621Z;
29559;DISK PLOČA VW 600.1158 PR.GOLF 1.6TD ->91 D239/12;839615301;600.1158.00;4163;839615301;600.1158.00;
29560;DISK PLOČA VW 600.1594 PR.POLO,GOLF 1.8 GTI 83 -> D239/20;321615301C;600.1594.00;2937;321615301C;600.1594.00;
29561;DISK PLOČA VW 600.1597 PR.GOLF 1.9TDI ->97  D256/20;321615301D;600.1597.00;4172;321615301D;600.1597.00;
29562;DISK PLOČA VW 600.1602 PR.GOLF 3,PASSAT 1.9TDI ->99 D256/13;357615301;600.1602.00;4171;357615301;600.1602.00;
29563;DISK PLOČA VW 600.3207 PR.A-4 1.6 ,1.9 TDI 96 -> D280/22;8E0615301D;600.3207.20;18021;8E0615301D;600.3207.20;
29564;DISK PLOČA VW 600.3208 PR.PASSAT 1.9TDI 98 -> D282/25;8E0615301A;600.3208.20;16900;8E0615301A;600.3208.20;
29567;BPV VW 1.9TDI GOLF 4,PASSAT 99-> (AJM,ATJ/85,110KW) AUDI,ŠKODA,SEAT 71-35884-00;38103483;71-35884-00;62221;38103483;71-35884-00;
29568;BPV VW 2.0TDI GOLF,PASAT,A-3 03-> (AZV,BKD) 61-34070-00;03G103483;71-36041-00;70787;03G103483;71-36041-00;
29569;BPV RENAULT 1.5DCI CLIO,MEGANE 98-> (K9K) NISSAN,DACIA 71-36442-00;8200317650;71-36442-00;67891;8200317650;71-36442-00;
29570;BPV VW 1.9/2.0TDI GOLF V,PASAT,OCTAVIA 04-> (BLS,BMM) 71-37594-00;03G103483D;71-37594-00;70788;03G103483D;71-37594-00;
29571;ZUP REM 153X260 CT1026 CLIO II,MOVANO 1.9DTI 00->;7700116047;CT1026;64784;7700116047;CT1026;
29572;ZUP REM 120X300 CT1028 A3 A4 A6 GOLF 4/5/6 PASSAT POLO TRANSPORTER;038109119L;CT1028;64678;038109119L;CT1028;
29573;SET ZUP R.VW CT1028WP3 GOLF V 1.9TDI 03-> KIT 120Z +PUMPA;CT1028WP3;CT1028WP3;130967;-;CT1028WP3;
29574;ZUP REM 146X250 CT1037 C-5 2.2HDI 01->;0816A6;CT1037;64762;0816A6;CT1037;
29575;SET ZUP R.CITROEN CT1063WP2 C-3 1.4HDI 02-> P-307 1.4HDI 01-> KIT 144Z +PUMPA;1753581;CT1063WP2;125908;1753581;CT1063WP2;
29576;ZUP REM 199X240 CT1105 ASTRA H 1.9CDTI 16V 04->;5636344;CT1105;64826;5636344;CT1105;
29577;ZUP REM 190X240 CT1106 ASTRA H 1.9CDTI 8V 04->;5636463;CT1106;66508;5636463;CT1106;
29578;ZUP REM 151X254 CT949 KANGOO 1.9D;7700872023;CT949;64774;7700872023;CT949;
29579;ZUP REM 141X250 CT987 P-306,XSARA 2.0 HDI;81696;CT987;64744;81696;CT987;
29580;FIL NAFTE RENAULT FCS748 CLIO II 1.5DCI 01->;7701061576;FCS748;80943;7701061576;FCS748;
29581;DISK PL VW FDB1054 GOLF 1.9SDI ->97;1H0698151A;FDB1054;42589;1H0698151A;FDB1054;
29582;DISK PL VW FDB1083 ZAD.A-3 1.8 96 ->;4B0698451;FDB1083;42596;4B0698451;FDB1083;
29583;DISK PL VW FDB1094 GOLF 1.9SDI ->05;6Q0698151;FDB1094;42597;6Q0698151;FDB1094;
29584;DISK PL VW FDB1167 A-4 1.9TDI 95-00;8D0698151A;FDB1167;44552;8D0698151A;FDB1167;
29585;DISK PL VW FDB1288 POLO,GOLF 1.9D ->97;1H0698151B;FDB1288;42611;1H0698151B;FDB1288;
29586;DISK PL VW FDB1289 PASSAT,A-4 1.9TDI 95-00;8E0698151A;FDB1289;42612;8E0698151A;FDB1289;
29587;DISK PL OPEL FDB1293 ASTRA 1.7CDTI 98-04;90544025;FDB1293;42614;90544025;FDB1293;
29588;DISK PL OPEL FDB1294 ZAD.ASTRA 1.7TD ->05;1605025;FDB1294;42615;1605025;FDB1294;
29589;DISK PL OPEL FDB1295 ASTRA 2.0DI 98 ->;9192157;FDB1295;42616;9192157;FDB1295;
29590;DISK PL VW FDB1312 POLO CLASIC 1.9TDI ->01;6N0698151B;FDB1312;42620;6N0698151B;FDB1312;
29591;DISK PL VW FDB1323 A-4,PASSAT 1.9TDI 00 ->;4B0698151K;FDB1323;42622;4B0698151K;FDB1323;
29592;DISK PL VW FDB1398 GOLF,A-3 1.9TDI 96-03;1J0698151D;FDB1398;42628;1J0698151D;FDB1398;
29593;DISK PL RENAULT FDB1491 ZAD.MEGANE 1.9DCI 03 ->;7701207695;FDB1491;48892;7701207695;FDB1491;
29594;DISK PL OPEL FDB1521 ZAD.ASTRA 2.0DI 98 ->;1605967;FDB1521;44393;1605967;FDB1521;
29595;DISK PL VW FDB1635 GOLF 1.4FSI 03 ->;1K0698151A;FDB1635;44901;1K0698151A;FDB1635;
29596;DISK PL VW FDB1636 ZAD.A-3 2.0FSI 03 ->;1K0698451;FDB1636;50428;1K0698451;FDB1636;
29597;DISK PL VW FDB1641 GOLF 1.9TDI 03 ->;1K0698151;FDB1641;47976;1K0698151;FDB1641;
29598;DISK PL VW FDB1765 PASSAT 1.6FSI 05 ->;1K0698151B;FDB1765;64869;1K0698151B;FDB1765;
29599;DISK PL VW FDB541 ZAD.GOLF 1.8 ->97;1H0698451F;FDB541;42687;1H0698451F;FDB541;
29600;DISK PL VW FDB775 PASSAT 1.9TDI ->96;357698151B;FDB775;42723;357698151B;FDB775;
29601;DISK PL RENAULT FDB845 CLIO 1.2,1.4 91 ->;7701349973;FDB845;42731;7701349973;FDB845;
29602;PAKNE VW FSB408 GOLF 1.6TD 89 -> 200X40;1HO609525;FSB408;42864;1HO609525;FSB408;
29603;DISK PL VW FSL1323 PASSAT 1.9TDI 00 ->;4B0698151K;FSL1323;75019;4B0698151K;FSL1323;
29604;DISK PL VW FSL222 ZAD.A-4 1.9TDI 95-00;859698451;FSL222;42516;859698451;FSL222;
29605;DISK PL VW FSL419 PASSAT,GOLF 1.9D ->97;321698151;FSL419;12967;321698151;FSL419;
29606;DISK PL VW FSL774 A-80,GOLF 1.8GTI ->91;533698151A;FSL774;1686;533698151A;FSL774;
29607;KLIZAČ ZUP R.FIAT GE358.27 BRAVO 1.9JTD 02->,CROMA 1.9D MULTIJET 05-> SA VIJKOM;55187100;GE358.27;138812;55187100;GE358.27;
29608;KLIZAČ ZUP R.CITROEN GE359.28 C-5 2.2HDI 01->;0829C4;GE359.28;53608;0829C4;GE359.28;
29609;NATEZAČ ZUP R.RENAULT GT355.35 MEGANE 1,9TDI 01->;4401416;GT355.35;82925;4401416;GT355.35;
29610;NATEZAČ ZUP R.VW GT357.46 GOLF 1.9TDI 98->01 HID.;045109479C;GT357.46;82358;045109479C;GT357.46;
29611;FIL NAFTE VW KX178D GOLF 5 1.9TDI 04 ->;1K0127434;KX178D;65935;1K0127434;KX178D;
29612;FIL NAFTE VW KX228D/20.021.00 GOLF V 2.0TDI;1K0127434B;KX228D;64325;1K0127434B;KX228D;
29613;FIL NAFTE OPEL KX231D ASTRA G,H 1.7 TD,CDTI;5818083;KX231D;70634;5818083;KX231D;
29614;FIL KABINE VW LAK181 GOLF 5 1.4TSI 07->;1K1819653B;181 LAK;68736;1K1819653B;181 LAK;
29615;PUMPA VODE RENAULT P054 R-5/9/11,CLIO,KANGOO 1.6/1.9D,TD,1.7/1.8/2.0 84->;7701462809;P054;41485;7701462809;P054;
29616;PUMPA VODE ALFA P1055 A-145/146/147/156/166 1.9/2.4JTD 98->;46432248;P1055;46384;46432248;P1055;
29617;PUMPA VODE VW P513 KPL GOLF,PASSAT,VENTO 1.6//1.7/1.9D,TD,TDI,SDI 1.6/1.8/2.0BENZ. 80-97 (UŽE RUPE);26121010;P513;43337;26121010;P513;
29618;PUMPA VODE VW P542 GOLF 3,VENTO,PASSAT 1.7/1.9D,SDI,TDI 95->;28121004;P542;19522;28121004;P542;
29619;PUMPA VODE VW P551 GOLF 5 2.0TDI 03->;038121011H;P551;46359;038121011H;P551;
29620;PUMPA VODE VW P569 PASSAT 1.9TDI 03->;038121011G;P569;46366;038121011G;P569;
29621;PUMPA VODE VW P654 PASAT,A-4/5/6 2.0TDI 06->;03L121011G;P654;97057;03L121011G;P654;
29622;PUMPA VODE CIT.P801 C-5,8,P-406,BOXER 2.2HDI 01->;1,201E+11;P801;46369;1,201E+11;P801;
29623;PUMPA VODE CIT.P841 XANTIA,P406,JUMPER,C5 1.9D/2.0HDI 98-;1201C4;P841;16319;1201C4;P841;
29624;GLAVČINA VW R154.44 ZAD.A-6 2.5TDI 94-> PASSAT 1.9TDI ->00 KIT;8E0501611;R154.44;86709;8E0501611;R154.44;
29625;LEŽAJ KO.VW VKBA1356 PR.A-4,A-6,PASSAT 1.9TDI 98->;4A0498625;VKBA1356;74202;4A0498625;VKBA1356;
29626;KLIZAČ ZUP R.FIAT VKM22180 BRAVO 1.9JTD 02->,CROMA 1.9D MULTIJET 05-> BEZ VIJKA;55187100;VKM22180;107505;55187100;VKM22180;
29627;SET ZUP R.OPEL VKMA05609 ASTRA H 1.7CDTI 07-> 59MM KIT 131Z (4 VIJKA);1606389;VKMA05609;123744;1606389;VKMA05609;
29628;SET ZUP R.VW VKMC01250-1 GOLF IV 1.9TDI 00-> 130KS KIT 120Z +PUMPA;VKMC01250-1;VKMC01250-1;103061;-;VKMC01250-1;
29629;SET ZUP R.FIAT VKMC02176 MAREA,A-156 2.4JTD 03-> KIT 190Z + PUMPA;71771591;VKMC02176;130622;71771591;VKMC02176;
29630;SET ZUP R.FIAT VKMC02179 DOBLO,BRAVA 1.9JTD 00 -> KIT 190Z +PUMPA;71771574;VKMC02179;56871;71771574;VKMC02179;
29631;SET ZUP R.PEUGEOT VKMC03246 P-206 2.0HDI 99 -> PARTNER 2.0HDI 00 -> KIT 141Z +PUMPA;1609524780;VKMC03246;129390;1609524780;VKMC03246;
29632;SET ZUP R.PEUGEOT VKMC03247 P-206,P-307,PARTNER 2.0HDI 00 -> KIT 141Z +PUMPA;VKMC03247;VKMC03247;102157;83178;VKMC03247;
29633;SET ZUP R.CITROEN VKMC03259 C-3 1.6HDI 05-> KIT 137Z +PUMPA;1609525680;VKMC03259;126901;1609525680;VKMC03259;
29634;SET ZUP R.RENAULT VKMC06127 LAGUNA MASTER 1.9DCI 01-> KIT 132Z +PUMPA;VKMC06127;VKMC06127;103064;-;VKMC06127;
29635;SET ZUP R.RENAULT VKMC06129 MEGANE 1.9DCI 05> KIT 133Z +PUMPA;VKMC06129;VKMC06129;103077;-;VKMC06129;
29638;SET ZUP R.RENAULT VKMC06134-1 CLIO II 1.5DCI 01> KIT 123Z +PUMPA;VKMC06134-1;VKMC06134-1;129384;-;VKMC06134-1;
29639;SET ZUP R.RENAULT VKMC06134-2 MEGANE 1.5DCI 02> KIT 123Z +PUMPA;VKMC06134-2;VKMC06134-2;129383;-;VKMC06134-2;
29640;SET ZUP R.VW 530050330 GOLF VI 2.0TDI 08> KIT 160Z +PUMPA;530050330;530050330;130161;-;530050330;
29641;SENZOR ABS VW 24.0711-5273.3/24.0711.5081.3 P/L. A-2 1.4TDI 00-05;6Q0927803B;24.0711-5273.3;73580;6Q0927803B;24.0711-5273.3;
29642;SENZOR ABS VW 24.0711-5274.3/24.0711-5082.3 P/D. A-2 1.4TDI 00-05;6Q0927804B;24.0711-5274.3;73579;6Q0927804B;24.0711-5274.3;
29643;SAJLA RU.ŠKODA 24.3727-0149.2 ZAD.OCTAVIA,GOLF IV 97-> L+D 1691/1073;1J0609721E;24.3727-0149.2;97822;1J0609721E;24.3727-0149.2;
29644;MJERAČ MASE ZRAKA VW 7516013 A-4 2.5TDI 97->;74906461;7516013;44298;74906461;7516013;
29645;MJERAČ MASE ZRAKA MB 7516027 MB C200CDI 98 ->;6110940048;7516027;50448;6110940048;7516027;
29646;GLAVČINA VW 713610690 ZAD.GOLF 1.9TDI 04-> KIT;1K0598611;713610690;56111;1K0598611;713610690;
29647;LEŽAJ KO.VW 713800710 PR./L+D PASSAT 1.9TDI 96->;8D0498625;713800710;53959;8D0498625;713800710;
29648;MJERAČ MASE ZRAKA VW 0986284007090 GOLF 1.9 TDI 00 -> A4 1.9 TDI 01 ->;074906461B;9,8628400709E+11;50043;074906461B;9,8628400709E+11;
29649;PREKIDAČ 4 ŽMIG VW PASSAT 97-05 BEZ KUKE 108885755;3B0953235B;108 885 755;54124;3B0953235B;108 885 755;
29650;SENZOR ABS VW 109752755 P/L GOLF IV;1J0927803;109 752 755;56357;1J0927803;109 752 755;
29651;SENZOR ABS VW 109753755 P/D GOLF IV;1J0927804;109 753 755;56356;1J0927804;109 753 755;
29652;FIL ZRAKA OPEL F026400013/1457433597 ASTRA H 1.7CDTI 04->;835632;F026400013;52537;835632;F026400013;
29653;BKM OPEL 2.0/2.2DI,DTI ASTRA G,VECTRA B (Y20DT) JH5057;652605;JH5057;50457;652605;JH5057;
29654;BKM OPEL 2.0/2.2DTI 16V OMEGA B 97-> (X20DTH,Y22DTH) JH5078;652614;JH5078;91845;652614;JH5078;
29655;PUMPA VODE OPEL P326 ASTRA 1.7CDTI 04 ->;97307468;P326;52640;97307468;P326;
29656;SPONA VW VO-AX-3576 PR.GOLF 4,BORA 1.9TDI 99->;1J0422810B;VO-AX-3576;85499;1J0422810B;VO-AX-3576;
29657;SPONA VW VO-AX-8286 PR.GOLF 4,A-3;1J0422807A;VO-AX-8286;55724;1J0422807A;VO-AX-8286;
29658;OSC.RAME VW VO-RK-5001 PR.A-4,PASSAT KPL.->11/00 OSC.RA.FI20MM;8D0498998S1;VO-RK-5001;58189;8D0498998S1;VO-RK-5001;
29659;SET ZUP R.CITROEN 530048910 C-5 2.2HDI 06-> KIT 118Z;0831N1;530048910;113368;0831N1;530048910;
29660;KLIZAČ ZUP R.RENAULT 532022010 MEGANE 1.9D,DT 96->;7700107249;532022010;43585;7700107249;532022010;
29661;NATEZAČ ZUP R.VW GT357.47 A-6,PASSAT 1.9TDI 00 -> 85KW;045109243B;GT357.47;82937;045109243B;GT357.47;
29662;SET ZUP R.RENAULT 530003810 KANGOO 1.9DCI 99-> KIT 153Z;30777409;530003810;56847;30777409;530003810;
29663;SET ZUP R.VW 530008510 GOLF 3 1.9TDI KIT 137Z;028198119C;530008510;47172;028198119C;530008510;
29664;SET ZUP R.VW 530009110 GOLF 4 1.9TDI KIT 120Z;38198119;530009110;47175;38198119;530009110;
29665;KUGLA RENAULT RE-BJ-0811 MEGANE,SCENIC,CLIO,KANGOO;7701468411;RE-BJ-0811;46458;7701468411;RE-BJ-0811;
29666;KUGLA RENAULT RE-BJ-4264 TWINGO,CLIO TT,R-5 SUPER,MEGANE;7701468883;RE-BJ-4264;27254;7701468883;RE-BJ-4264;
29668;METLICE BOSCH 3397001584 530/480MMS GOLF 4,A-3,OCTAVIA;1J0998003;3397001584;19953;1J0998003;3397001584;
29669;METLICE BOSCH AERO 3397118927 530/475MM POLO 02->,GOLF 4;1J0998002;3397118927;43709;1J0998002;3397118927;
29671;METLICE BOSCH AERO 3397118936 GOLF V,OCTAVIA,JETTA,A-3 04->;1K1955425;3397118936;51854;1K1955425;3397118936;
29673;METLICA BOSCH ZAD.3397008006 330MM GOLF V,FABIA 07->;5J7955425;3397008006;65030;5J7955425;3397008006;
29675;METLICA BOSCH 3397004755/565 ZAD.GOLF IV;3397004755;3397004755;50567;-;3397004755;
29676;METLICE TQ X29 290MM;TQ-X29;TQ-X29;69909;-;TQ-X29;
29677;METLICE TQ X33 330MM;TQ-X33;TQ-X33;69910;-;TQ-X33;
29678;METLICE TQ X36 360MM;TQ-X36;TQ-X36;69911;-;TQ-X36;
29679;METLICE TQ X38 380MM;TQ-X38;TQ-X38;69912;-;TQ-X38;
29680;METLICE TQ X41 400MM;TQ-X41;TQ-X41;69913;-;TQ-X41;
29681;METLICE TQ X45 450MM;TQ-X45;TQ-X45;69914;-;TQ-X45;
29682;METLICE TQ X48 480MM;TQ-X48;TQ-X48;69915;-;TQ-X48;
29683;METLICE TQ X51 500MM;TQ-X51;TQ-X51;69916;-;TQ-X51;
29684;METLICE TQ X53 530MM;357955425;TQ-X53;69917;357955425;TQ-X53;
29685;METLICE TQ X55 550MM;TQ-X55;TQ-X55;69918;-;TQ-X55;
29686;METLICE BOSCH 3397118324 400/650MM P-206;161955427;3397118324;18987;161955427;3397118324;
29687;METLICE BOSCH AERO RETRO 3397118903 530MM;3B0998002B;3397118903;51881;3B0998002B;3397118903;
29688;METLICE BOSCH 3397118204 650/700MMS P-307 00 ->;3397118204;3397118204;43398;-;3397118204;
29689;METLICE BOSCH AERO 3397007100 650/700MM P-307 03->;6423A5;3397007100;57381;6423A5;3397007100;
29690;METLICA BOSCH ZAD.3397004631 350MM P-307 ->05;6426LV;3397004631;74975;6426LV;3397004631;
29691;METLICE BOSCH 3397001802 550 MM MB C-KLASA;3397001802;3397001802;48811;-;3397001802;
29692;METLICE BOSCH 3397012455 640MM MB W210,S210;3397012455;3397012455;62054;-;3397012455;
29693;METLICE BOSCH AERO 3397118948 650MM MB E W211;3397118948;3397118948;43713;-;3397118948;
29694;METLICE BOSCH 3397118422 500/550MM P-306,MEGANE,XSARA,BRAVA,MONDEO,ACCORD;7701040774;3397118422;18545;7701040774;3397118422;
29695;METLICE BOSCH 3397118304 400/575MM PUNTO,MEGANE,SCENIC;71804094;3397118304;18724;71804094;3397118304;
29696;METLICE BOSCH 3397118402 530/450MM DOBLO,PUNTO,M-323,626,IMPREZA,TOYOTA;BE5H67330;3397118402;15856;BE5H67330;3397118402;
29697;METLICE BOSCH 3397001583 530MMS PASSAT 96-> A-4;3397001583;3397001583;19955;-;3397001583;
29698;METLICE BOSCH AERO 3397118933 550MM A-6;4B1955425B;3397118933;43710;4B1955425B;3397118933;
29699;METLICE BOSCH 3397118400 530MM;357955425;3397118400;11380;357955425;3397118400;
29700;METLICE BOSCH 3397118404 530/500MMS BMW 3 E36,MONDEO,M-626,PRIMERA,VOLVO;1953851;3397118404;35763;1953851;3397118404;
29701;METLICE BOSCH AERO 3397118925 530MM SUPERB,PASSAT 3B2,3B3;3397118925;3397118925;43708;-;3397118925;
29702;METLICE BOSCH 3397118405 475/530MM A-155,156,A-3,CIVIC,GALANT,FABIA,BORA;28890M200;3397118405;11381;28890M200;3397118405;
29703;METLICE BOSCH 3397001727 550/475MM MAREA,STILO,FOCUS;3397001727;3397001727;50196;-;3397001727;
29704;CRIJEVO BENZINA 3X7 MM 80472 BOB GLATKO;80472;80472;132179;-;80472;
29705;CRIJEVO BENZINA 4X8 MM 7784 BOB;7784,00 BOB;7784,00 BOB;1721;-;7784,00 BOB;
29706;CRIJEVO BENZINA 5X10 MM 7784/1 BOB;77841,00 BOB;77841,00 BOB;1901;-;77841,00 BOB;
29708;CRIJEVO BENZINA 7,5X14 MM 7786 BOB;7786,00 BOB;7786,00 BOB;12404;-;7786,00 BOB;
29709;CRIJEVO BENZINA 8X15 MM 7787 BOB;7787,00 BOB;7787,00 BOB;1902;-;7787,00 BOB;
29710;METLICE BOSCH AERO 3397118979 600/480MM PASSAT 05->;1Q195542503C;3397118979;51903;1Q195542503C;3397118979;
29711;METLICE BOSCH 3397118303 450/600MMS LAGUNA,MEGANE 2,C2,C3;6426CE;3397118303;18725;6426CE;3397118303;
29712;METLICA BOSCH ZAD.3397004560 230MM ASTRA H,MEGANE II;3397004560;3397004560;62816;-;3397004560;
29713;BRTVENA MASA UNIV.70ML 70-31453-00;70-31453-00;70-31453-00;18137;-;70-31453-00;
29714;BRTVENA MASA UNIV.200ML 70-31414-20;D176404A2;70-31414-20;79731;D176404A2;70-31414-20;
29715;BRTVENA MASA UNIV.70ML 036.161 DIRKO;36161;36161;83024;-;36161;
29716;BRTVENA MASA UNIV.70ML 705.705 DIRKO;705705;705705;83027;-;705705;
29717;BRTVENA MASA UNIV.70ML 70-31414-10;70-31414-10;70-31414-10;76480;-;70-31414-10;
29718;PRESTO PASTA ZA MONTAŽU AUSPUHA 170G 603123;603123;603123;69147;-;603123;
29719;PRESTO PASTA ZA MONTAŽU AUSPUHA 60G 603130;603130;603130;69148;-;603130;
29720;PASTA ZA PRANJE RUKU TQ 1500G;PASTATQ1500G;PASTATQ1500G;131232;-;PASTATQ1500G;
29721;KABLOVI ZA START 10MM 02851 400A;2851;2851;43842;-;2851;
29722;KABLOVI ZA START 10MM 28020/ACKR200A01 200A;2849;2849;1327;-;2849;
29723;ULJE ZA KOČ.BOSCH 1/1 1987479002 DOT 4;1987479107;1987479107;50163;-;1987479107;
29724;NEPOVRATNI VENTIL 8MM;8029042;8029042;47216;-;8029042;
29725;NEPOVRATNI VENTIL 10MM;8029043;8029043;47217;-;8029043;
29726;NEPOVRATNI VENTIL 6MM;8029044;8029044;47218;-;8029044;
29727;GRIJAČ 0250202022 VW 1.9TDI;N10140105;250202022;17260;N10140105;250202022;
29728;GRIJAČ 0250201036 VW 1.9TDI 91 ->;1275580;250201036;49986;1275580;250201036;
29729;GRIJAČ 0250402005/001 VW 1.9TDI 03->;N10591602;250402005;51768;N10591602;250402005;
29730;GRIJAČ 0250403002 VW 2.0TDI 03->( 4,4V );N10579802;250403002;51826;N10579802;250403002;
29731;GRIJAČ 0250202032 CITROEN 2.0HDI,2.2HDI;596064;250202032;51829;596064;250202032;
29732;GRIJAČ 17979 VW 1.9TDI ->03;N10140101;17979;105984;N10140101;17979;
29733;ULJE ZA KOČ.BOSCH 0,5 1987479004 DOT 4;1987479004;1987479004;50164;-;1987479004;
29891;natezač zupčastog remena;531006110;531006110;138966;531006110;0;
29892;brtvilo kartera;71-34359-00;71-34359-00;138967;72806;71-34359-00;
29933;SET ZUPCASTOG REMENA INA;530047010;530047010;134822;134822;0;134822
29934;SELEN BLOK;1J0501541C;108 243 755;34484;34484;0;34484
29935;SELEN BLOK;357407182;103 474 755;11667;11667;0;11667
29936;SELEN BLOK;1J0407181;108 150 755;35216;35216;0;35216
29937;REMEN KANALNI;6K0915;6PK915;64445;64445;0;64445
29938;REMEN KANALNI CONTITECH;6K0948;6PK948;64447;64447;0;64447
29939;REMEN KANALNI CONTITECH;6K1045;6PK1045;64452;64452;0;64452
29940;REMEN KANALNI CONTITECH;6K1743;6PK1743;125763;125763;0;125763
29941;REMEN KANALNI CONTITECH;6K1468;6PK1468;64484;64484;0;64484
29942;FILTER KABINE;4F0819439A;1987432422;57938;57938;0;57938
29943;SAJLA RUCNE KOCNICE;522412;26114;51909;51909;0;51909
29944;BRTVILO KARTERA;028103609A;100 293 885;9478;9478;0;9478
29945;BRTVILO KARTERA;037115220B;71-31943-00;132352;132352;0;132352
29946;SELEN BLOK;1J0501541C;2123601;57396;57396;0;57396
29947;SELEN BLOK;1K0505171C;2991701;78055;78055;0;78055
29948;OSCILIRAJUCE RAME;1K0501530C;32957;85621;85621;0;85621
29949;KUGLA;8200615058;23996;66741;66741;0;66741
29950;FILTER ZRAKA AE 11432;11432;0;139009;11432;0;11432
29951;KRAJNIK;7701474796;RE-ES-2093;62495;62495;0;62495
29952;KRAJNIK;7701474795;RE-ES-2092;62496;62496;0;62496
29953;KRAJNIK;485200001R;RE-ES-7301;126802;126802;0;126802
29954;KRAJNIK;485200002R;RE-ES-7302;126803;126803;0;126803
29955;SPONA;485210001R;RE-AX-7303;108178;108178;0;108178
29956;STANGICA STABILIZATORA;546180001R;RE-LS-7304;97401;97401;0;97401
29957;STANGICA STABILIZATORA;91167000;RE-LS-2095;48285;48285;0;48285
29958;KRAJNIK;381741;PE-ES-5723;27233;27233;0;27233
29959;KRAJNIK;381730;PE-ES-5724;27234;27234;0;27234
29960;STANGICA STABILIZATORA;8200166159;21015;100518;100518;0;100518
29961;SPONA;7701474448;24720;101467;101467;0;101467
29962;STANGICA STABILIZATORA;508750;19397;104174;104174;0;104174
29963;SPONA;3812;19935;109622;109622;0;109622
29964;SPONA;381200000;29625;70900;70900;0;70900
29965;KRAJNIK;381750;9317;101347;101347;0;101347
29966;NATEZAC KANALNOG REMENA;038903315C;21690;73706;73706;0;73706
29967;GUMICA STABILIZATORA;1K0511327AP;23356;59147;59147;0;59147
29968;GUMICA STABILIZATORA;1K0511327AR;23358;59148;59148;0;59148
29969;REMENICA ALTERNATORA;028903119AA;535000110;45421;45421;0;45421
29970;CEP KARTERA;N90813201;588670001;101032;101032;0;101032
29971;NOSAC AMORTIZERA;1J0412331BS;108 561 755;34489;34489;0;34489
29972;ODBOJNIK AMORTIZERA;1J0512131B;17562;54168;54168;0;54168
29973;GUMICA STABILIZATORA;1J0411314G;108 134 755;41231;41231;0;41231
29974;GRIJAC;60617002;250202023;49990;49990;0;49990
29975;DISK PLOCICE;7701206811;FDB1135;42605;42605;0;42605
29976;DISK PLOCICE;54201020;FDB1979;64257;64257;0;64257
29977;DISK PLOCICE;54200720;FDB1980;64259;64259;0;64259
29978;METLICE BRISACA;2048201145;574491;99535;99535;0;99535
29979;FILTER ZRAKA;6420940204;LX1850/1;94753;94753;0;94753
29980;FILTER NAFTE;4544700090;1457434437;49629;49629;0;49629
29981;FILTER ULJA;11849425;XE508/606;47892;47892;0;47892
29982;MANDZETA POLUOSOVINE;357407283A;109 248 546;66302;66302;0;66302
29983;REMEN KANALNI;64443;6PK906;64443;64443;0;64443
29984;REMEN KANALNI CONTITECH;6K1660;6PK1660;64499;64499;0;64499
29985;REMEN KANALNI CONTITECH;6K1550;6PK1548;64989;64989;0;64989
29986;TERMOSTAT;55202510;410049.88D;69485;69485;0;69485
29987;REMEN KANALNI CONTITECH;6K1150;6PK1153;64465;64465;0;64465
29988;FILTER NAFTE;190677;1457070000;43697;43697;0;43697
29989;FILTER ULJA;500791145;451103355;40946;40946;0;40946
29990;FILTER KABINE;6447KK;LA138;65833;65833;0;65833
29991;FILTER ZRAKA;1444W5;1457433150;44092;44092;0;44092
29992;GRIJAC;93190433;250202132;71212;71212;0;71212
29993;REMEN KANALNI CONTITECH;6K1580;6PK1580;77441;77441;0;77441
29994;REMEN KANALNI CONTITECH;6K1610;6PK1613;125762;125762;0;125762
29995;GRIJAC;03L963319;250403009;100621;100621;0;100621
29996;FILTER NAFTE;8E0127435A;450906429;58333;58333;0;58333
29997;DISK PLOCICE;34205120;FDB1526;49671;49671;0;49671
29998;DISK PLOCICE;34206520;FDB1414;50435;50435;0;50435
29999;DISK PLOCICE;7701204845;FSL558;42546;42546;0;42546
30000;DISK PLOCICE;425152;FDB1370;42624;42624;0;42624
30001;DISK PLOCICE;425338;FDB1399;42640;42640;0;42640
30002;DISK PLOCICE;425229;FDB1599;45662;45662;0;45662
30003;DISK PLOCICE;7701204845;FDB558;61430;61430;0;61430
30004;DISK PLOCICE;425218;FSL1399;66865;66865;0;66865
30005;DISK PLOCICE;425222;FDB1476;43153;43153;0;43153
30006;DISK PLOCICE;425322;FDB1784;62966;62966;0;62966
30007;DISK PLOCICE;1J0698451C;FDB4178;70991;70991;0;70991
30008;DISK PLOCICE;440600295R;FDB4183;70994;70994;0;70994
30009;DISK PLOCICE;425241;FSL1083;75017;75017;0;75017
30010;PUMPA VODE;1201G9;P803;63805;63805;0;63805
30011;PUMPA VODE;045121011F;P565;46365;46365;0;46365
30012;MANDZETA POLUOSOVINE;1K0498201;176451;80370;80370;0;80370
30013;MANDZETA MJENJACA;46307462;75253;51618;51618;0;51618
30014;MANDZETA MJENJACA;46307462;75253KLC;82151;82151;0;82151
30015;MANDZETA ZGLOBA;1J0498203A;176482KLR;60495;60495;0;60495
30016;MANDZETA POLUOSOVINE;3287A9;183064;80373;80373;0;80373
30017;MANDZETA MJENJACA;328781;18306;48311;48311;0;48311
30018;KUGLA;401600004R;36125;117973;117973;0;117973
30019;KRAJNIK;4408510;RE-ES-0853;18009;18009;0;18009
30020;KRAJNIK;4408511;RE-ES-0852;18044;18044;0;18044
30021;KUGLA;6040096057;RE-BJ-2832;57440;57440;0;57440
30022;KUGLA;6040002105;RE-BJ-2302;58328;58328;0;58328
30023;REMEN KANALNI;6K1150;1987947944;35771;35771;0;35771
30024;NATEZAC KANALNOG REMENA;575174;APV1030;130131;130131;0;130131
30025;TERMOSTAT;44121113;7.8223S;49546;49546;0;49546
30026;FILTER KABINE;6447KK;1987432079;42727;42727;0;42727
30027;FILTER KABINE;6447KL;AHC319;88414;88414;0;88414
30028;REMEN KANALNI;06A260849E;1987946200;14768;14768;0;14768
30029;STANGICA STABILIZATORA;508764;PE-LS-3817;85397;85397;0;85397
30030;TERMOSTAT;44121113;7.8432;49558;49558;0;49558
30031;TERMOSTAT;68121113;17976;31965;31965;0;31965
30032;ULJE MJENJACA MB ATF FEBI;19896803;29449;87718;87718;0;87718
30033;FILTER ULJA;1402770095;HX81D;127568;127568;0;127568
30034;FILTER KABINE;7H0819631;1987432114;58338;58338;0;58338
30035;FILTER ZRAKA;7H0129620;1457433331;59239;59239;0;59239
30036;REMEN KANALNI DAICO;6DPK1195;6DPK1195;116518;116518;0;116518
30037;REMEN KANALNI DAICO;6K1125;6PK1125;116377;116377;0;116377
30038;REMEN KANALNI;4K0856;1987947896;18038;18038;0;18038
30039;REMEN KANALNI;5K1432;1987948491;50139;50139;0;50139
30040;FILTER ZRAKA;6110940204;LX816/4;96832;96832;0;96832
30041;FILTER KABINE;2118300218;1987432081;49632;49632;0;49632
30042;FILTER KABINE;2048300018;AHC318;133242;133242;0;133242
30043;DISK PLOCA;7701205230;DDF1124;95279;95279;0;95279
30044;FILTER NAFTE;6460920001;L440/606;53051;53051;0;53051